<?xml version="1.0" encoding="utf-8"?>
<extension type="plugin" group="jshoppingproducts" method="upgrade">
    <name>PLG_JSHOPPINGPRODUCTS_MICROJPEG</name>
    <author>MicroJPEG</author>
    <creationDate>2025-01</creationDate>
    <copyright>Copyright (C) 2025 MicroJPEG. All rights reserved.</copyright>
    <license>GNU General Public License version 3 or later</license>
    <authorEmail>support@microjpeg.com</authorEmail>
    <authorUrl>https://microjpeg.com</authorUrl>
    <version>1.0.0</version>
    <description>PLG_JSHOPPINGPRODUCTS_MICROJPEG_DESC</description>
    <namespace path="src">MicroJpeg\Plugin\JShoppingProducts\MicroJpeg</namespace>
    
    <files>
        <folder plugin="microjpeg">services</folder>
        <folder>src</folder>
        <folder>language</folder>
    </files>
    
    <languages folder="language">
        <language tag="en-GB">en-GB/plg_jshoppingproducts_microjpeg.ini</language>
        <language tag="en-GB">en-GB/plg_jshoppingproducts_microjpeg.sys.ini</language>
    </languages>
    
    <config>
        <fields name="params">
            <fieldset name="basic">
                <field
                    name="api_key"
                    type="text"
                    label="PLG_JSHOPPINGPRODUCTS_MICROJPEG_API_KEY"
                    description="PLG_JSHOPPINGPRODUCTS_MICROJPEG_API_KEY_DESC"
                    class="form-control"
                    size="50"
                    required="true"
                />
                
                <field
                    name="compress_products"
                    type="radio"
                    label="PLG_JSHOPPINGPRODUCTS_MICROJPEG_COMPRESS_PRODUCTS"
                    description="PLG_JSHOPPINGPRODUCTS_MICROJPEG_COMPRESS_PRODUCTS_DESC"
                    default="1"
                    class="btn-group btn-group-yesno"
                >
                    <option value="1">JYES</option>
                    <option value="0">JNO</option>
                </field>
                
                <field
                    name="compress_categories"
                    type="radio"
                    label="PLG_JSHOPPINGPRODUCTS_MICROJPEG_COMPRESS_CATEGORIES"
                    description="PLG_JSHOPPINGPRODUCTS_MICROJPEG_COMPRESS_CATEGORIES_DESC"
                    default="1"
                    class="btn-group btn-group-yesno"
                >
                    <option value="1">JYES</option>
                    <option value="0">JNO</option>
                </field>
                
                <field
                    name="compress_manufacturers"
                    type="radio"
                    label="PLG_JSHOPPINGPRODUCTS_MICROJPEG_COMPRESS_MANUFACTURERS"
                    description="PLG_JSHOPPINGPRODUCTS_MICROJPEG_COMPRESS_MANUFACTURERS_DESC"
                    default="1"
                    class="btn-group btn-group-yesno"
                >
                    <option value="1">JYES</option>
                    <option value="0">JNO</option>
                </field>
            </fieldset>
            
            <fieldset name="compression">
                <field
                    name="quality"
                    type="range"
                    label="PLG_JSHOPPINGPRODUCTS_MICROJPEG_QUALITY"
                    description="PLG_JSHOPPINGPRODUCTS_MICROJPEG_QUALITY_DESC"
                    default="85"
                    min="50"
                    max="100"
                    step="5"
                />
                
                <field
                    name="convert_to_webp"
                    type="radio"
                    label="PLG_JSHOPPINGPRODUCTS_MICROJPEG_CONVERT_WEBP"
                    description="PLG_JSHOPPINGPRODUCTS_MICROJPEG_CONVERT_WEBP_DESC"
                    default="0"
                    class="btn-group btn-group-yesno"
                >
                    <option value="1">JYES</option>
                    <option value="0">JNO</option>
                </field>
                
                <field
                    name="output_format"
                    type="list"
                    label="PLG_JSHOPPINGPRODUCTS_MICROJPEG_OUTPUT_FORMAT"
                    description="PLG_JSHOPPINGPRODUCTS_MICROJPEG_OUTPUT_FORMAT_DESC"
                    default="keep-original"
                >
                    <option value="keep-original">PLG_JSHOPPINGPRODUCTS_MICROJPEG_FORMAT_KEEP</option>
                    <option value="jpeg">JPEG</option>
                    <option value="png">PNG</option>
                    <option value="webp">WebP</option>
                    <option value="avif">AVIF</option>
                </field>
                
                <field
                    name="compress_thumbnails"
                    type="radio"
                    label="PLG_JSHOPPINGPRODUCTS_MICROJPEG_COMPRESS_THUMBNAILS"
                    description="PLG_JSHOPPINGPRODUCTS_MICROJPEG_COMPRESS_THUMBNAILS_DESC"
                    default="1"
                    class="btn-group btn-group-yesno"
                >
                    <option value="1">JYES</option>
                    <option value="0">JNO</option>
                </field>
                
                <field
                    name="compress_full"
                    type="radio"
                    label="PLG_JSHOPPINGPRODUCTS_MICROJPEG_COMPRESS_FULL"
                    description="PLG_JSHOPPINGPRODUCTS_MICROJPEG_COMPRESS_FULL_DESC"
                    default="1"
                    class="btn-group btn-group-yesno"
                >
                    <option value="1">JYES</option>
                    <option value="0">JNO</option>
                </field>
            </fieldset>
            
            <fieldset name="advanced">
                <field
                    name="show_stats"
                    type="radio"
                    label="PLG_JSHOPPINGPRODUCTS_MICROJPEG_SHOW_STATS"
                    description="PLG_JSHOPPINGPRODUCTS_MICROJPEG_SHOW_STATS_DESC"
                    default="1"
                    class="btn-group btn-group-yesno"
                >
                    <option value="1">JYES</option>
                    <option value="0">JNO</option>
                </field>
                
                <field
                    name="log_errors"
                    type="radio"
                    label="PLG_JSHOPPINGPRODUCTS_MICROJPEG_LOG_ERRORS"
                    description="PLG_JSHOPPINGPRODUCTS_MICROJPEG_LOG_ERRORS_DESC"
                    default="1"
                    class="btn-group btn-group-yesno"
                >
                    <option value="1">JYES</option>
                    <option value="0">JNO</option>
                </field>
                
                <field
                    name="api_usage"
                    type="microjpegstatus"
                    label="PLG_JSHOPPINGPRODUCTS_MICROJPEG_API_STATUS"
                    description="PLG_JSHOPPINGPRODUCTS_MICROJPEG_API_STATUS_DESC"
                />
            </fieldset>
        </fields>
    </config>
</extension>
